investor_id,gap
INV000001,76.0
INV000002,207.0
INV000003,238.0
INV000004,85.4
INV000006,123.75
INV000007,104.5
INV000008,70.4
INV000009,85.33333333333333
INV000010,64.8
INV000011,40.166666666666664
INV000012,57.0
INV000013,55.333333333333336
INV000014,75.33333333333333
INV000018,50.0
INV000019,205.0
INV000021,144.0
INV000022,40.0
INV000023,58.57142857142857
INV000024,75.75
INV000026,144.66666666666666
INV000027,341.0
INV000028,93.6
INV000029,60.666666666666664
INV000030,47.625
INV000031,145.0
INV000032,102.33333333333333
INV000033,45.57142857142857
INV000035,144.0
INV000036,99.0
INV000037,63.0
INV000038,69.0
INV000039,68.6
INV000040,55.0
INV000045,70.6
INV000047,77.0
INV000048,46.0
INV000049,247.5
INV000050,143.0
INV000051,74.5
INV000052,36.2
INV000054,68.25
INV000055,100.0
INV000056,74.8
INV000057,49.714285714285715
INV000058,76.75
INV000060,90.0
INV000062,116.0
INV000063,218.0
INV000065,112.33333333333333
INV000066,98.0
INV000069,49.111111111111114
INV000070,92.0
INV000072,83.0
INV000073,48.25
INV000074,72.57142857142857
INV000075,74.8
INV000076,91.8
INV000079,65.8
INV000080,81.0
INV000081,81.33333333333333
INV000082,83.66666666666667
INV000084,102.0
INV000085,91.25
INV000086,44.666666666666664
INV000087,92.8
INV000089,121.33333333333333
INV000090,145.5
INV000091,44.0
INV000093,55.5
INV000094,44.8
INV000095,69.4
INV000097,54.5
INV000098,51.25
INV000099,91.75
INV000100,215.0
INV000101,65.0
INV000102,65.28571428571429
INV000103,83.4
INV000104,115.0
INV000105,57.0
INV000106,112.0
INV000107,100.0
INV000108,70.0
INV000109,46.25
INV000110,122.0
INV000112,120.5
INV000113,46.0
INV000115,140.33333333333334
INV000116,157.5
INV000117,117.33333333333333
INV000118,50.5
INV000119,142.0
INV000120,117.5
INV000121,170.0
INV000123,59.666666666666664
INV000124,144.66666666666666
INV000125,85.75
INV000128,82.0
INV000129,108.5
INV000130,170.0
INV000131,56.0
INV000132,71.0
INV000133,88.2
INV000134,87.0
INV000135,120.0
INV000137,81.33333333333333
INV000138,76.2
INV000140,157.0
INV000143,102.66666666666667
INV000144,182.5
INV000145,89.4
INV000146,66.8
INV000147,116.0
INV000148,52.0
INV000150,100.75
INV000151,136.5
INV000153,44.0
INV000154,64.0
INV000155,37.333333333333336
INV000156,159.66666666666666
INV000158,103.0
INV000159,201.0
INV000160,37.0
INV000161,73.0
INV000162,435.0
INV000163,61.0
INV000164,61.8
INV000165,141.66666666666666
INV000166,166.0
INV000167,97.5
INV000169,67.83333333333333
INV000171,98.0
INV000172,133.33333333333334
INV000173,57.666666666666664
INV000174,119.5
INV000175,83.66666666666667
INV000176,201.5
INV000177,65.42857142857143
INV000178,230.0
INV000179,39.75
INV000180,61.8
INV000181,160.5
INV000182,70.5
INV000183,56.125
INV000185,196.0
INV000189,153.5
INV000190,55.0
INV000191,56.5
INV000192,99.75
INV000193,155.33333333333334
INV000194,58.0
INV000195,77.4
INV000196,69.0
INV000199,65.0
INV000200,113.66666666666667
INV000201,51.125
INV000202,348.0
INV000203,42.75
INV000204,48.0
INV000205,62.57142857142857
INV000207,95.0
INV000210,70.71428571428571
INV000211,116.0
INV000213,90.0
INV000214,94.8
INV000215,109.25
INV000216,61.333333333333336
INV000217,92.0
INV000219,126.0
INV000220,100.75
INV000222,39.666666666666664
INV000223,114.75
INV000224,74.66666666666667
INV000225,125.33333333333333
INV000226,84.33333333333333
INV000227,108.0
INV000228,59.75
INV000229,67.75
INV000230,60.75
INV000231,47.0
INV000234,121.75
INV000235,74.33333333333333
INV000236,67.14285714285714
INV000238,93.6
INV000239,48.857142857142854
INV000241,110.5
INV000242,62.5
INV000243,88.2
INV000245,92.2
INV000246,92.33333333333333
INV000249,45.5
INV000251,223.0
INV000252,50.4
INV000254,249.0
INV000255,48.6
INV000256,70.2
INV000257,93.25
INV000259,70.6
INV000260,59.57142857142857
INV000261,131.33333333333334
INV000262,53.57142857142857
INV000263,68.42857142857143
INV000265,53.44444444444444
INV000266,101.0
INV000267,86.75
INV000268,62.333333333333336
INV000269,180.0
INV000270,130.0
INV000271,342.0
INV000272,96.33333333333333
INV000274,100.75
INV000276,80.0
INV000278,354.0
INV000279,43.375
INV000280,55.75
INV000282,53.0
INV000283,68.0
INV000284,58.0
INV000285,140.0
INV000286,115.0
INV000287,69.83333333333333
INV000288,114.25
INV000289,62.714285714285715
INV000291,89.0
INV000292,46.0
INV000293,47.0
INV000294,54.5
INV000296,158.0
INV000297,90.6
INV000298,92.5
INV000299,85.2
INV000300,76.5
INV000301,68.5
INV000303,209.0
INV000304,70.0
INV000305,55.0
INV000306,76.0
INV000307,162.0
INV000308,117.0
INV000309,52.0
INV000310,75.83333333333333
INV000311,152.0
INV000312,119.75
INV000313,310.0
INV000314,69.0
INV000315,75.66666666666667
INV000316,86.75
INV000317,146.33333333333334
INV000318,97.4
INV000319,73.5
INV000320,70.0
INV000321,72.83333333333333
INV000322,121.0
INV000323,67.0
INV000325,227.0
INV000326,154.5
INV000327,50.0
INV000328,37.5
INV000329,88.66666666666667
INV000330,137.0
INV000331,50.714285714285715
INV000333,150.33333333333334
INV000335,96.0
INV000336,150.0
INV000337,103.5
INV000339,94.0
INV000341,54.42857142857143
INV000343,248.0
INV000348,284.0
INV000349,106.33333333333333
INV000350,85.0
INV000351,86.5
INV000352,80.75
INV000354,234.5
INV000356,54.4
INV000357,85.5
INV000359,54.125
INV000360,122.0
INV000361,98.0
INV000363,77.0
INV000364,94.5
INV000366,82.0
INV000367,56.333333333333336
INV000369,43.8
INV000370,116.75
INV000371,59.285714285714285
INV000372,54.5
INV000373,48.0
INV000374,127.66666666666667
INV000377,75.25
INV000378,117.5
INV000379,44.0
INV000380,97.0
INV000383,107.25
INV000384,78.25
INV000385,92.66666666666667
INV000387,103.0
INV000388,53.625
INV000389,127.5
INV000390,135.5
INV000392,77.16666666666667
INV000393,43.0
INV000394,90.0
INV000395,55.666666666666664
INV000396,83.2
INV000397,128.0
INV000399,49.55555555555556
INV000400,62.6
INV000402,94.0
INV000403,58.2
INV000405,65.0
INV000407,82.4
INV000408,46.8
INV000409,375.0
INV000410,92.25
INV000411,67.0
INV000412,43.714285714285715
INV000413,102.5
INV000414,66.28571428571429
INV000415,66.16666666666667
INV000416,119.0
INV000417,104.33333333333333
INV000418,86.8
INV000419,112.0
INV000421,91.66666666666667
INV000423,187.5
INV000425,39.5
INV000426,39.0
INV000427,68.5
INV000428,52.142857142857146
INV000429,77.2
INV000430,148.66666666666666
INV000431,86.25
INV000432,216.0
INV000433,66.5
INV000436,73.0
INV000437,97.8
INV000438,184.0
INV000440,69.57142857142857
INV000441,60.8
INV000442,217.5
INV000443,373.0
INV000444,73.2
INV000445,57.75
INV000446,38.6
INV000449,46.8
INV000452,49.375
INV000453,98.0
INV000454,232.5
INV000455,75.0
INV000456,45.25
INV000457,91.4
INV000458,81.75
INV000459,82.0
INV000460,43.4
INV000461,67.5
INV000462,79.0
INV000463,65.16666666666667
INV000465,102.66666666666667
INV000466,73.33333333333333
INV000467,56.666666666666664
INV000469,70.5
INV000470,401.0
INV000471,121.0
INV000473,105.0
INV000474,103.5
INV000475,90.0
INV000478,61.0
INV000479,99.0
INV000480,105.0
INV000481,156.33333333333334
INV000482,133.5
INV000483,70.42857142857143
INV000485,138.66666666666666
INV000487,88.25
INV000488,102.33333333333333
INV000489,66.0
INV000490,231.0
INV000491,95.0
INV000492,145.33333333333334
INV000493,47.55555555555556
INV000494,74.0
INV000496,81.25
INV000497,71.83333333333333
INV000499,77.83333333333333
INV000500,133.0
INV000501,100.5
INV000505,93.33333333333333
INV000506,71.5
INV000507,70.16666666666667
INV000509,61.0
INV000510,190.0
INV000511,132.66666666666666
INV000512,54.75
INV000513,103.0
INV000514,100.66666666666667
INV000519,108.0
INV000520,64.5
INV000521,70.0
INV000522,100.8
INV000523,92.25
INV000524,55.0
INV000525,68.75
INV000526,47.5
INV000527,50.8
INV000529,59.2
INV000530,104.0
INV000531,47.0
INV000532,73.0
INV000533,148.0
INV000535,154.0
INV000537,200.0
INV000538,39.5
INV000539,77.0
INV000540,73.5
INV000541,56.0
INV000542,164.33333333333334
INV000543,83.66666666666667
INV000544,99.33333333333333
INV000545,80.6
INV000546,55.0
INV000547,55.8
INV000548,133.66666666666666
INV000549,96.2
INV000550,149.0
INV000551,160.0
INV000552,116.0
INV000553,72.0
INV000554,70.2
INV000555,58.0
INV000556,52.42857142857143
INV000557,102.5
INV000558,74.66666666666667
INV000559,50.0
INV000560,62.0
INV000562,74.4
INV000563,76.33333333333333
INV000564,162.0
INV000565,181.0
INV000567,63.8
INV000568,62.4
INV000569,77.75
INV000570,67.28571428571429
INV000572,224.0
INV000573,50.833333333333336
INV000575,71.6
INV000576,76.0
INV000578,66.83333333333333
INV000580,55.75
INV000581,78.33333333333333
INV000584,111.75
INV000585,74.0
INV000586,44.5
INV000587,49.5
INV000589,59.125
INV000590,114.0
INV000591,64.5
INV000592,109.66666666666667
INV000593,74.2
INV000595,104.25
INV000596,51.75
INV000597,88.6
INV000598,124.33333333333333
INV000599,81.5
INV000600,148.0
INV000601,73.5
INV000602,103.0
INV000603,132.66666666666666
INV000604,127.66666666666667
INV000606,98.66666666666667
INV000607,66.66666666666667
INV000608,100.2
INV000609,47.0
INV000611,86.5
INV000612,49.3
INV000613,236.0
INV000615,55.833333333333336
INV000616,123.0
INV000619,45.0
INV000621,350.0
INV000622,89.5
INV000623,122.66666666666667
INV000625,86.4
INV000626,116.5
INV000628,304.0
INV000629,113.33333333333333
INV000630,68.66666666666667
INV000631,54.0
INV000633,107.75
INV000634,52.25
INV000635,75.0
INV000636,56.0
INV000637,38.0
INV000638,165.66666666666666
INV000639,84.0
INV000641,54.8
INV000642,53.5
INV000643,103.0
INV000645,66.0
INV000646,62.333333333333336
INV000648,65.33333333333333
INV000649,92.25
INV000650,217.0
INV000651,94.0
INV000652,93.8
INV000653,164.0
INV000656,141.0
INV000657,64.71428571428571
INV000658,94.75
INV000659,166.66666666666666
INV000660,52.5
INV000661,105.75
INV000662,66.14285714285714
INV000663,94.4
INV000664,91.66666666666667
INV000665,36.22222222222222
INV000666,77.25
INV000667,68.0
INV000668,254.0
INV000670,99.0
INV000671,125.0
INV000673,92.8
INV000675,62.8
INV000676,35.3
INV000678,63.333333333333336
INV000679,68.0
INV000680,158.0
INV000681,137.5
INV000682,374.0
INV000683,54.5
INV000684,201.5
INV000687,177.0
INV000688,81.0
INV000689,74.25
INV000690,56.285714285714285
INV000691,66.4
INV000693,378.0
INV000695,86.5
INV000696,104.66666666666667
INV000698,52.25
INV000699,42.8
INV000700,60.5
INV000701,83.66666666666667
INV000702,287.0
INV000703,173.0
INV000704,101.25
INV000705,247.0
INV000706,93.5
INV000708,131.66666666666666
INV000709,65.16666666666667
INV000710,88.6
INV000711,130.66666666666666
INV000713,114.5
INV000714,37.0
INV000715,58.75
INV000717,155.33333333333334
INV000718,57.833333333333336
INV000719,72.83333333333333
INV000720,123.75
INV000721,52.0
INV000722,114.0
INV000723,108.25
INV000724,81.2
INV000725,67.66666666666667
INV000726,151.0
INV000728,37.75
INV000729,146.33333333333334
INV000732,82.0
INV000733,355.0
INV000734,64.0
INV000735,143.33333333333334
INV000736,99.75
INV000737,92.6
INV000738,53.666666666666664
INV000739,68.66666666666667
INV000741,89.75
INV000742,91.33333333333333
INV000743,158.0
INV000744,76.33333333333333
INV000745,144.0
INV000746,209.0
INV000747,84.6
INV000748,175.0
INV000749,111.25
INV000751,53.0
INV000752,197.0
INV000753,134.5
INV000754,72.33333333333333
INV000755,120.0
INV000756,78.0
INV000757,208.5
INV000758,113.5
INV000759,83.0
INV000760,148.0
INV000761,75.16666666666667
INV000762,118.0
INV000764,100.75
INV000765,99.33333333333333
INV000766,177.5
INV000767,123.5
INV000768,60.0
INV000769,85.75
INV000771,121.66666666666667
INV000772,46.0
INV000774,73.66666666666667
INV000775,73.33333333333333
INV000776,59.42857142857143
INV000777,66.0
INV000778,59.714285714285715
INV000779,75.0
INV000781,83.0
INV000782,42.5
INV000783,89.8
INV000784,435.0
INV000786,64.125
INV000788,105.0
INV000789,55.142857142857146
INV000791,107.0
INV000792,271.0
INV000793,69.14285714285714
INV000796,146.5
INV000797,156.0
INV000799,121.25
INV000800,144.66666666666666
INV000801,107.0
INV000803,77.16666666666667
INV000804,160.5
INV000806,83.0
INV000808,208.0
INV000809,120.66666666666667
INV000810,85.5
INV000811,291.0
INV000813,121.33333333333333
INV000814,94.0
INV000815,266.0
INV000816,149.5
INV000818,422.0
INV000819,87.5
INV000820,207.0
INV000821,53.0
INV000822,55.5
INV000823,39.666666666666664
INV000824,211.0
INV000825,127.0
INV000826,214.0
INV000827,58.285714285714285
INV000829,117.75
INV000830,72.2
INV000831,67.5
INV000832,251.0
INV000833,67.28571428571429
INV000834,130.0
INV000836,84.8
INV000838,176.0
INV000840,191.0
INV000841,176.0
INV000843,55.6
INV000844,66.16666666666667
INV000845,105.5
INV000846,181.0
INV000847,47.8
INV000849,61.333333333333336
INV000850,41.5
INV000851,83.75
INV000852,215.0
INV000853,49.333333333333336
INV000854,61.25
INV000855,229.0
INV000856,78.25
INV000858,44.875
INV000859,264.0
INV000860,106.75
INV000861,106.75
INV000862,91.2
INV000864,40.8
INV000865,45.75
INV000867,234.0
INV000869,65.4
INV000870,68.0
INV000873,73.5
INV000874,62.125
INV000876,48.666666666666664
INV000877,59.4
INV000878,66.0
INV000879,85.0
INV000880,141.33333333333334
INV000881,46.111111111111114
INV000883,257.0
INV000884,38.0
INV000885,108.75
INV000887,65.66666666666667
INV000888,80.33333333333333
INV000889,263.0
INV000891,126.66666666666667
INV000892,182.0
INV000893,59.5
INV000894,55.0
INV000895,204.5
INV000896,173.0
INV000897,124.5
INV000900,131.0
INV000901,54.0
INV000902,73.0
INV000904,197.0
INV000906,143.5
INV000907,59.2
INV000908,37.333333333333336
INV000909,131.0
INV000910,88.25
INV000912,116.66666666666667
INV000913,152.66666666666666
INV000914,107.0
INV000915,130.33333333333334
INV000918,56.0
INV000919,110.0
INV000920,75.6
INV000921,290.0
INV000922,100.0
INV000925,107.5
INV000926,80.0
INV000927,36.75
INV000929,58.166666666666664
INV000931,86.25
INV000933,199.0
INV000934,59.0
INV000938,153.0
INV000939,60.57142857142857
INV000941,455.0
INV000942,53.0
INV000944,165.0
INV000946,129.0
INV000947,127.33333333333333
INV000949,67.5
INV000950,91.0
INV000953,141.5
INV000954,126.75
INV000955,186.5
INV000957,114.66666666666667
INV000958,164.0
INV000959,48.0
INV000960,110.5
INV000961,151.66666666666666
INV000962,86.0
INV000963,138.0
INV000964,59.0
INV000966,119.0
INV000967,47.0
INV000968,302.0
INV000969,88.33333333333333
INV000970,41.0
INV000971,46.833333333333336
INV000972,62.0
INV000974,73.5
INV000977,48.77777777777778
INV000978,93.66666666666667
INV000979,79.8
INV000980,44.42857142857143
INV000981,50.4
INV000982,42.0
INV000983,94.33333333333333
INV000984,89.33333333333333
INV000985,149.5
INV000986,60.833333333333336
INV000987,132.0
INV000989,249.0
INV000990,133.0
INV000992,138.66666666666666
INV000994,63.8
INV000997,85.0
INV000998,52.666666666666664
INV000999,66.75
INV001001,60.285714285714285
INV001002,41.666666666666664
INV001003,138.0
INV001004,93.0
INV001005,93.6
INV001006,58.0
INV001008,64.66666666666667
INV001009,120.0
INV001011,241.5
INV001012,40.5
INV001013,96.8
INV001014,151.0
INV001015,85.0
INV001016,170.0
INV001017,67.0
INV001019,44.875
INV001020,54.0
INV001021,68.66666666666667
INV001023,72.42857142857143
INV001024,179.5
INV001025,38.8
INV001026,69.4
INV001027,77.25
INV001028,85.33333333333333
INV001029,69.5
INV001031,114.0
INV001034,100.0
INV001036,164.0
INV001037,42.0
INV001038,113.0
INV001039,66.2
INV001040,132.0
INV001041,83.0
INV001042,117.5
INV001043,124.25
INV001044,117.0
INV001045,69.75
INV001046,36.0
INV001047,66.16666666666667
INV001048,47.0
INV001049,136.0
INV001050,130.33333333333334
INV001051,54.142857142857146
INV001052,285.0
INV001053,55.857142857142854
INV001054,183.0
INV001055,93.2
INV001057,228.0
INV001058,61.333333333333336
INV001059,207.0
INV001060,53.375
INV001061,51.125
INV001062,101.5
INV001063,43.285714285714285
INV001064,59.5
INV001065,116.0
INV001067,187.5
INV001068,102.66666666666667
INV001069,41.285714285714285
INV001070,97.0
INV001072,128.0
INV001074,68.75
INV001075,76.5
INV001076,298.0
INV001077,112.5
INV001079,111.5
INV001080,37.0
INV001081,395.0
INV001082,113.66666666666667
INV001083,70.0
INV001085,155.0
INV001086,112.0
INV001087,95.25
INV001088,72.33333333333333
INV001091,101.66666666666667
INV001092,77.33333333333333
INV001093,52.333333333333336
INV001094,145.0
INV001095,244.0
INV001096,68.25
INV001101,142.33333333333334
INV001102,55.333333333333336
INV001103,111.0
INV001106,237.5
INV001107,46.0
INV001108,144.0
INV001109,87.0
INV001110,147.0
INV001111,101.5
INV001112,50.0
INV001113,46.666666666666664
INV001114,406.0
INV001115,81.4
INV001116,58.125
INV001117,61.714285714285715
INV001118,124.33333333333333
INV001119,327.0
INV001120,72.0
INV001121,134.5
INV001122,309.0
INV001123,107.0
INV001124,89.0
INV001127,189.0
INV001128,72.0
INV001130,76.83333333333333
INV001131,156.66666666666666
INV001133,69.33333333333333
INV001136,58.0
INV001137,57.0
INV001138,134.66666666666666
INV001139,325.0
INV001140,60.4
INV001141,97.6
INV001142,42.833333333333336
INV001143,85.0
INV001144,125.5
INV001148,85.0
INV001149,146.5
INV001150,131.5
INV001151,205.5
INV001152,77.66666666666667
INV001154,165.66666666666666
INV001155,89.5
INV001156,102.4
INV001157,76.25
INV001158,224.0
INV001160,57.57142857142857
INV001161,80.6
INV001163,67.33333333333333
INV001164,202.0
INV001165,55.5
INV001166,108.0
INV001167,96.2
INV001168,83.25
INV001169,226.0
INV001170,68.2
INV001171,92.0
INV001172,107.0
INV001173,67.0
INV001174,221.0
INV001175,79.75
INV001176,81.0
INV001178,79.66666666666667
INV001180,74.4
INV001181,67.42857142857143
INV001183,62.25
INV001185,79.75
INV001186,78.0
INV001189,60.0
INV001190,97.0
INV001191,48.0
INV001192,77.66666666666667
INV001193,54.333333333333336
INV001194,84.5
INV001195,53.42857142857143
INV001196,92.2
INV001197,121.0
INV001198,114.5
INV001199,143.0
INV001200,354.0
INV001202,58.0
INV001203,225.0
INV001204,158.5
INV001206,83.6
INV001207,65.25
INV001208,51.833333333333336
INV001209,45.0
INV001210,36.875
INV001212,79.0
INV001213,201.0
INV001215,160.0
INV001216,362.0
INV001217,60.142857142857146
INV001218,98.0
INV001219,50.857142857142854
INV001220,77.16666666666667
INV001221,113.0
INV001222,85.75
INV001223,70.83333333333333
INV001224,40.0
INV001225,164.0
INV001227,66.33333333333333
INV001228,95.5
INV001229,103.0
INV001230,44.333333333333336
INV001232,146.33333333333334
INV001233,98.0
INV001234,60.57142857142857
INV001235,59.0
INV001236,146.66666666666666
INV001237,98.0
INV001238,68.5
INV001241,41.333333333333336
INV001242,69.8
INV001244,42.75
INV001246,184.0
INV001247,61.0
INV001249,119.33333333333333
INV001250,353.0
INV001251,82.0
INV001254,124.0
INV001255,118.0
INV001256,195.5
INV001257,108.25
INV001258,58.0
INV001259,115.25
INV001260,89.5
INV001261,61.0
INV001262,44.833333333333336
INV001263,139.0
INV001264,78.5
INV001265,79.75
INV001267,293.0
INV001269,97.5
INV001271,107.33333333333333
INV001273,146.66666666666666
INV001274,73.33333333333333
INV001275,66.66666666666667
INV001276,158.0
INV001277,420.0
INV001279,160.33333333333334
INV001281,148.0
INV001282,67.0
INV001284,73.5
INV001287,92.2
INV001288,45.666666666666664
INV001289,171.0
INV001290,294.0
INV001291,76.2
INV001292,116.0
INV001295,50.75
INV001297,247.0
INV001298,71.83333333333333
INV001299,51.25
INV001300,98.0
INV001304,97.6
INV001305,42.0
INV001306,92.0
INV001307,304.0
INV001308,54.625
INV001310,81.2
INV001311,151.33333333333334
INV001312,76.0
INV001314,50.44444444444444
INV001315,51.833333333333336
INV001316,92.4
INV001317,84.8
INV001318,46.22222222222222
INV001319,45.333333333333336
INV001320,61.5
INV001321,81.5
INV001322,145.0
INV001325,165.0
INV001326,69.42857142857143
INV001328,71.0
INV001329,68.2
INV001330,107.0
INV001331,94.2
INV001332,80.0
INV001333,78.66666666666667
INV001334,101.0
INV001336,65.85714285714286
INV001337,81.33333333333333
INV001341,155.0
INV001342,106.75
INV001343,93.33333333333333
INV001345,117.0
INV001346,63.5
INV001347,265.0
INV001348,47.833333333333336
INV001350,411.0
INV001351,70.5
INV001353,73.0
INV001354,131.33333333333334
INV001355,60.2
INV001356,79.2
INV001357,53.333333333333336
INV001359,72.5
INV001361,50.5
INV001363,76.0
INV001365,50.5
INV001366,88.25
INV001367,99.0
INV001369,106.0
INV001370,102.75
INV001372,180.5
INV001373,154.0
INV001375,78.5
INV001376,78.66666666666667
INV001377,44.666666666666664
INV001379,50.0
INV001382,151.5
INV001383,56.142857142857146
INV001384,115.66666666666667
INV001385,236.5
INV001386,201.0
INV001387,57.25
INV001388,262.0
INV001390,205.0
INV001391,87.33333333333333
INV001392,50.333333333333336
INV001393,208.0
INV001394,63.57142857142857
INV001395,130.66666666666666
INV001396,122.0
INV001397,117.25
INV001398,144.0
INV001399,71.33333333333333
INV001400,76.8
INV001401,68.6
INV001402,141.33333333333334
INV001404,201.0
INV001405,130.33333333333334
INV001406,47.666666666666664
INV001407,45.2
INV001408,46.0
INV001409,48.5
INV001410,131.33333333333334
INV001411,114.0
INV001412,141.0
INV001413,80.0
INV001415,68.14285714285714
INV001416,303.0
INV001418,88.6
INV001419,85.8
INV001420,272.0
INV001421,108.75
INV001423,48.57142857142857
INV001424,155.0
INV001425,445.0
INV001428,79.4
INV001431,49.5
INV001432,71.4
INV001433,71.5
INV001434,80.6
INV001435,36.0
INV001436,37.0
INV001439,169.0
INV001440,226.0
INV001441,60.0
INV001442,57.125
INV001443,104.0
INV001444,54.0
INV001445,66.33333333333333
INV001446,139.0
INV001447,165.5
INV001448,96.0
INV001449,65.0
INV001450,71.0
INV001452,40.5
INV001453,148.0
INV001454,73.0
INV001455,64.71428571428571
INV001456,104.75
INV001457,43.8
INV001458,59.833333333333336
INV001460,77.0
INV001461,43.0
INV001462,80.0
INV001463,71.0
INV001465,145.5
INV001466,44.6
INV001467,94.25
INV001470,217.0
INV001472,79.0
INV001473,232.5
INV001475,98.5
INV001476,134.66666666666666
INV001478,159.33333333333334
INV001479,204.0
INV001480,95.66666666666667
INV001481,74.75
INV001482,80.6
INV001483,95.75
INV001485,55.0
INV001487,91.0
INV001488,158.0
INV001489,114.0
INV001491,98.8
INV001492,154.5
INV001494,221.5
INV001496,94.5
INV001497,63.0
INV001499,122.5
INV001500,107.5
INV001501,139.5
INV001503,74.66666666666667
INV001504,54.25
INV001505,296.0
INV001506,119.0
INV001507,86.2
INV001508,205.5
INV001510,66.83333333333333
INV001512,104.5
INV001513,79.0
INV001514,51.833333333333336
INV001515,129.66666666666666
INV001516,56.8
INV001518,59.5
INV001519,77.0
INV001521,88.0
INV001522,205.0
INV001524,95.25
INV001525,49.25
INV001526,50.4
INV001528,120.0
INV001530,64.66666666666667
INV001531,120.5
INV001532,56.833333333333336
INV001534,112.0
INV001535,226.0
INV001536,69.0
INV001537,85.0
INV001538,131.0
INV001539,306.0
INV001540,138.33333333333334
INV001542,63.0
INV001543,252.0
INV001544,106.5
INV001545,92.8
INV001547,72.16666666666667
INV001548,80.6
INV001549,50.0
INV001550,79.0
INV001551,61.8
INV001553,100.0
INV001555,199.0
INV001556,128.0
INV001557,371.0
INV001558,76.25
INV001560,214.0
INV001561,110.33333333333333
INV001562,44.22222222222222
INV001564,55.714285714285715
INV001566,153.0
INV001569,83.4
INV001570,304.0
INV001573,43.25
INV001574,64.0
INV001575,111.66666666666667
INV001576,113.0
INV001579,75.0
INV001580,45.666666666666664
INV001583,91.0
INV001584,47.5
INV001585,56.6
INV001586,89.33333333333333
INV001587,65.0
INV001588,74.5
INV001590,253.0
INV001591,69.0
INV001594,122.0
INV001595,131.66666666666666
INV001597,56.0
INV001598,98.5
INV001599,58.2
INV001600,260.0
INV001602,93.8
INV001603,54.5
INV001604,72.0
INV001605,60.57142857142857
INV001606,67.66666666666667
INV001607,462.0
INV001608,69.25
INV001609,60.666666666666664
INV001611,70.25
INV001612,85.5
INV001615,154.0
INV001616,53.0
INV001618,85.0
INV001619,175.0
INV001620,77.33333333333333
INV001621,167.0
INV001622,196.0
INV001623,92.0
INV001624,38.333333333333336
INV001625,72.0
INV001626,244.0
INV001627,118.0
INV001628,51.714285714285715
INV001629,67.5
INV001630,79.5
INV001631,57.0
INV001635,200.0
INV001636,48.875
INV001639,70.66666666666667
INV001641,88.4
INV001643,86.25
INV001644,65.6
INV001645,67.6
INV001646,129.0
INV001648,72.5
INV001649,51.666666666666664
INV001650,123.0
INV001651,78.66666666666667
INV001652,99.33333333333333
INV001653,55.2
INV001654,56.0
INV001655,40.666666666666664
INV001656,59.857142857142854
INV001658,105.5
INV001659,41.0
INV001660,131.33333333333334
INV001661,195.5
INV001662,60.2
INV001663,74.25
INV001665,116.5
INV001666,55.333333333333336
INV001670,102.33333333333333
INV001671,124.0
INV001673,49.3
INV001674,85.33333333333333
INV001677,380.0
INV001679,134.33333333333334
INV001680,58.875
INV001681,330.0
INV001683,72.5
INV001684,153.0
INV001685,44.0
INV001687,94.33333333333333
INV001688,181.0
INV001689,83.6
INV001690,81.16666666666667
INV001691,82.0
INV001693,156.0
INV001694,66.14285714285714
INV001695,42.75
INV001696,146.33333333333334
INV001697,62.5
INV001699,83.2
INV001701,110.0
INV001705,58.0
INV001706,94.0
INV001707,314.0
INV001708,171.0
INV001709,51.8
INV001711,65.83333333333333
INV001712,66.6
INV001713,80.25
INV001714,133.0
INV001715,68.28571428571429
INV001716,75.66666666666667
INV001718,84.0
INV001719,103.5
INV001720,103.5
INV001721,139.33333333333334
INV001722,191.5
INV001724,69.66666666666667
INV001725,107.75
INV001727,145.0
INV001728,50.57142857142857
INV001731,310.0
INV001732,153.66666666666666
INV001734,118.66666666666667
INV001735,118.5
INV001736,112.33333333333333
INV001737,56.833333333333336
INV001738,47.5
INV001739,52.5
INV001740,107.25
INV001741,89.4
INV001742,51.75
INV001743,36.0
INV001744,78.5
INV001745,170.0
INV001746,66.75
INV001747,115.0
INV001748,101.0
INV001750,286.0
INV001751,45.333333333333336
INV001752,69.33333333333333
INV001753,42.8
INV001754,68.5
INV001757,55.57142857142857
INV001758,84.66666666666667
INV001759,49.55555555555556
INV001760,163.0
INV001762,75.0
INV001763,131.5
INV001764,147.5
INV001765,124.66666666666667
INV001766,166.0
INV001769,98.0
INV001770,57.0
INV001772,95.0
INV001773,53.75
INV001774,129.5
INV001777,57.625
INV001778,63.57142857142857
INV001781,149.0
INV001782,55.333333333333336
INV001783,88.33333333333333
INV001784,95.0
INV001785,202.0
INV001787,62.0
INV001788,50.0
INV001789,110.0
INV001790,133.66666666666666
INV001791,137.0
INV001792,73.0
INV001794,70.75
INV001795,196.5
INV001797,79.66666666666667
INV001798,49.0
INV001799,88.33333333333333
INV001800,49.666666666666664
INV001801,85.75
INV001802,61.666666666666664
INV001803,59.0
INV001804,55.857142857142854
INV001805,57.333333333333336
INV001806,60.0
INV001809,95.6
INV001810,67.0
INV001811,54.25
INV001813,140.0
INV001814,99.0
INV001815,44.333333333333336
INV001816,51.0
INV001819,189.0
INV001820,135.0
INV001821,167.0
INV001823,58.142857142857146
INV001825,88.0
INV001826,51.2
INV001827,118.75
INV001828,44.42857142857143
INV001829,106.66666666666667
INV001830,99.0
INV001831,72.8
INV001832,78.66666666666667
INV001833,62.75
INV001834,110.66666666666667
INV001835,55.5
INV001836,67.75
INV001837,62.833333333333336
INV001839,201.0
INV001841,56.2
INV001842,142.0
INV001843,113.66666666666667
INV001844,362.0
INV001845,207.0
INV001846,99.5
INV001847,219.0
INV001848,160.33333333333334
INV001849,136.66666666666666
INV001850,227.0
INV001851,109.66666666666667
INV001852,112.33333333333333
INV001853,47.42857142857143
INV001855,159.0
INV001856,125.0
INV001857,150.33333333333334
INV001858,55.142857142857146
INV001859,196.0
INV001860,494.0
INV001861,51.25
INV001865,63.5
INV001866,58.8
INV001867,143.33333333333334
INV001868,116.0
INV001870,76.0
INV001871,55.0
INV001872,152.0
INV001873,68.5
INV001874,105.0
INV001875,49.0
INV001876,129.5
INV001877,82.25
INV001879,117.0
INV001880,60.75
INV001881,58.25
INV001882,110.5
INV001883,99.2
INV001885,71.2
INV001886,50.75
INV001887,234.0
INV001888,70.5
INV001890,102.6
INV001891,96.4
INV001892,174.5
INV001893,68.25
INV001896,77.33333333333333
INV001897,81.5
INV001899,113.5
INV001900,75.0
INV001903,62.5
INV001905,100.66666666666667
INV001906,97.0
INV001909,62.142857142857146
INV001911,45.0
INV001912,86.4
INV001913,67.33333333333333
INV001914,126.66666666666667
INV001915,228.0
INV001916,103.25
INV001917,88.5
INV001920,39.0
INV001921,68.57142857142857
INV001922,89.75
INV001923,80.66666666666667
INV001924,59.166666666666664
INV001926,116.0
INV001927,58.8
INV001928,139.66666666666666
INV001929,66.2
INV001930,242.5
INV001932,249.0
INV001933,107.75
INV001937,60.42857142857143
INV001938,43.0
INV001940,98.25
INV001943,74.4
INV001944,101.75
INV001945,88.0
INV001946,120.0
INV001948,221.5
INV001950,60.166666666666664
INV001951,58.833333333333336
INV001952,289.0
INV001954,86.8
INV001955,76.0
INV001956,158.66666666666666
INV001957,41.0
INV001959,56.0
INV001960,185.0
INV001961,83.4
INV001962,86.75
INV001966,191.0
INV001968,61.666666666666664
INV001969,79.2
INV001971,54.714285714285715
INV001972,42.42857142857143
INV001974,178.0
INV001976,100.0
INV001977,108.5
INV001978,83.2
INV001979,55.4
INV001980,213.5
INV001982,85.8
INV001983,120.25
INV001985,101.0
INV001986,47.666666666666664
INV001987,67.0
INV001989,89.5
INV001990,45.285714285714285
INV001992,135.33333333333334
INV001993,56.6
INV001995,48.6
INV001997,88.6
INV001998,94.25
INV001999,62.666666666666664
INV002000,80.0
INV002001,84.8
INV002002,109.0
INV002003,152.0
INV002005,108.5
INV002006,73.6
INV002007,124.0
INV002008,86.0
INV002010,74.6
INV002011,111.33333333333333
INV002012,86.0
INV002013,93.0
INV002014,92.5
INV002015,402.0
INV002016,88.0
INV002017,44.666666666666664
INV002018,63.6
INV002019,68.8
INV002021,277.0
INV002022,84.33333333333333
INV002023,258.0
INV002025,55.833333333333336
INV002026,100.0
INV002027,197.5
INV002030,126.66666666666667
INV002033,55.0
INV002034,69.0
INV002035,195.0
INV002038,84.0
INV002039,140.0
INV002040,65.66666666666667
INV002041,88.0
INV002042,55.5
INV002043,48.5
INV002044,159.0
INV002045,108.75
INV002047,134.66666666666666
INV002049,132.33333333333334
INV002050,183.5
INV002051,78.6
INV002052,44.166666666666664
INV002054,78.5
INV002055,120.33333333333333
INV002056,242.0
INV002059,268.0
INV002060,79.0
INV002061,104.0
INV002063,73.0
INV002065,163.33333333333334
INV002066,129.5
INV002067,69.0
INV002068,221.0
INV002069,47.55555555555556
INV002070,81.33333333333333
INV002072,133.5
INV002073,160.5
INV002074,109.0
INV002075,82.75
INV002077,47.25
INV002078,54.0
INV002079,92.0
INV002080,117.75
INV002081,47.0
INV002083,51.666666666666664
INV002085,65.0
INV002087,88.25
INV002088,104.5
INV002089,106.5
INV002090,90.2
INV002093,47.666666666666664
INV002094,178.0
INV002095,139.0
INV002096,159.5
INV002098,54.333333333333336
INV002099,41.0
INV002101,80.2
INV002102,44.8
INV002103,58.0
INV002104,100.0
INV002106,118.66666666666667
INV002107,71.14285714285714
INV002108,164.5
INV002110,79.0
INV002111,62.42857142857143
INV002112,88.5
INV002113,126.0
INV002115,153.33333333333334
INV002116,41.0
INV002117,59.75
INV002119,78.0
INV002120,109.5
INV002121,68.5
INV002122,40.333333333333336
INV002123,134.0
INV002124,82.0
INV002125,45.0
INV002126,97.25
INV002127,60.2
INV002128,140.0
INV002129,136.5
INV002130,89.0
INV002131,106.5
INV002133,139.66666666666666
INV002134,82.66666666666667
INV002135,94.0
INV002136,183.0
INV002137,71.0
INV002138,91.8
INV002139,146.66666666666666
INV002140,162.0
INV002141,69.33333333333333
INV002142,45.5
INV002143,63.57142857142857
INV002144,182.5
INV002145,169.0
INV002146,175.0
INV002148,129.33333333333334
INV002149,42.285714285714285
INV002150,73.6
INV002151,60.375
INV002152,147.66666666666666
INV002153,67.83333333333333
INV002154,89.4
INV002155,78.0
INV002156,196.0
INV002157,58.5
INV002158,85.0
INV002159,65.0
INV002161,176.0
INV002162,58.375
INV002163,306.0
INV002164,91.0
INV002166,99.2
INV002167,136.0
INV002168,251.5
INV002170,159.5
INV002171,55.833333333333336
INV002172,141.0
INV002173,148.0
INV002174,143.33333333333334
INV002176,75.75
INV002177,73.0
INV002178,66.42857142857143
INV002179,54.142857142857146
INV002180,154.0
INV002182,70.5
INV002183,146.5
INV002184,118.0
INV002185,48.4
INV002186,74.83333333333333
INV002187,67.83333333333333
INV002189,84.75
INV002190,175.0
INV002191,125.0
INV002192,80.0
INV002195,49.25
INV002196,62.142857142857146
INV002198,43.0
INV002199,50.833333333333336
INV002200,139.33333333333334
INV002201,96.5
INV002202,70.42857142857143
INV002204,280.0
INV002205,142.0
INV002206,49.0
INV002207,145.66666666666666
INV002208,71.33333333333333
INV002209,271.0
INV002211,63.833333333333336
INV002212,121.0
INV002213,62.0
INV002214,79.75
INV002215,83.66666666666667
INV002216,61.714285714285715
INV002217,117.5
INV002218,67.8
INV002219,70.85714285714286
INV002220,63.0
INV002223,390.0
INV002224,55.5
INV002225,88.33333333333333
INV002228,68.6
INV002229,64.6
INV002230,57.57142857142857
INV002232,69.16666666666667
INV002234,110.66666666666667
INV002235,97.0
INV002236,73.66666666666667
INV002237,51.666666666666664
INV002238,118.0
INV002239,226.5
INV002240,77.83333333333333
INV002241,65.66666666666667
INV002242,127.33333333333333
INV002243,229.5
INV002244,101.75
INV002245,127.33333333333333
INV002248,56.5
INV002249,70.75
INV002250,43.75
INV002251,62.6
INV002252,68.25
INV002255,78.5
INV002256,75.6
INV002257,273.0
INV002258,93.33333333333333
INV002259,45.333333333333336
INV002260,77.8
INV002261,82.0
INV002262,49.5
INV002264,94.25
INV002265,63.166666666666664
INV002266,276.0
INV002267,43.25
INV002269,380.0
INV002270,102.33333333333333
INV002271,78.33333333333333
INV002273,137.0
INV002274,99.5
INV002275,96.5
INV002276,104.75
INV002277,67.33333333333333
INV002278,474.0
INV002279,92.0
INV002280,71.66666666666667
INV002281,120.75
INV002282,53.2
INV002283,92.0
INV002284,85.0
INV002286,52.666666666666664
INV002287,125.5
INV002288,97.0
INV002290,61.6
INV002291,51.5
INV002292,91.25
INV002294,48.714285714285715
INV002295,64.5
INV002297,260.0
INV002299,83.0
INV002300,114.66666666666667
INV002302,52.333333333333336
INV002304,42.55555555555556
INV002306,116.0
INV002307,85.5
INV002308,72.5
INV002310,87.0
INV002311,331.0
INV002312,127.33333333333333
INV002314,181.0
INV002315,71.83333333333333
INV002316,300.0
INV002318,413.0
INV002319,60.0
INV002322,63.4
INV002323,84.75
INV002324,61.666666666666664
INV002325,112.0
INV002326,103.25
INV002327,76.4
INV002328,137.0
INV002329,57.0
INV002332,133.33333333333334
INV002333,63.0
INV002334,148.0
INV002338,93.25
INV002339,51.5
INV002341,52.333333333333336
INV002342,74.2
INV002343,57.75
INV002344,87.0
INV002345,81.5
INV002346,42.0
INV002347,40.5
INV002348,94.4
INV002349,52.2
INV002350,161.0
INV002351,77.2
INV002352,239.0
INV002353,84.66666666666667
INV002357,68.33333333333333
INV002358,88.66666666666667
INV002360,56.125
INV002361,55.4
INV002363,106.75
INV002364,61.333333333333336
INV002365,154.0
INV002366,318.0
INV002367,52.5
INV002368,61.166666666666664
INV002369,60.0
INV002370,70.16666666666667
INV002372,95.2
INV002373,70.14285714285714
INV002375,55.0
INV002377,129.0
INV002378,112.0
INV002379,212.5
INV002380,102.33333333333333
INV002381,118.66666666666667
INV002382,55.0
INV002384,39.111111111111114
INV002387,128.25
INV002389,50.77777777777778
INV002390,47.0
INV002391,40.2
INV002392,83.66666666666667
INV002393,80.5
INV002394,61.75
INV002395,97.0
INV002397,103.33333333333333
INV002399,98.0
INV002400,55.375
INV002401,59.142857142857146
INV002402,47.166666666666664
INV002403,372.0
INV002404,91.0
INV002405,111.5
INV002407,47.833333333333336
INV002408,107.0
INV002409,55.57142857142857
INV002411,196.0
INV002412,92.0
INV002413,53.0
INV002414,45.0
INV002415,57.42857142857143
INV002416,70.0
INV002417,83.33333333333333
INV002418,91.6
INV002420,72.8
INV002422,50.333333333333336
INV002423,89.5
INV002424,132.5
INV002425,97.0
INV002426,83.75
INV002429,78.6
INV002430,101.66666666666667
INV002431,261.0
INV002432,289.0
INV002434,88.2
INV002435,86.5
INV002436,152.0
INV002437,49.166666666666664
INV002440,130.0
INV002441,192.0
INV002442,89.0
INV002445,38.142857142857146
INV002446,139.66666666666666
INV002448,65.0
INV002449,148.0
INV002450,158.0
INV002451,272.0
INV002452,72.0
INV002453,63.0
INV002454,70.5
INV002457,300.0
INV002458,72.4
INV002459,53.714285714285715
INV002460,151.0
INV002461,146.33333333333334
INV002463,95.4
INV002464,35.4
INV002466,80.66666666666667
INV002467,38.857142857142854
INV002468,71.33333333333333
INV002469,94.25
INV002471,56.4
INV002472,153.0
INV002473,175.5
INV002475,49.666666666666664
INV002476,86.0
INV002477,39.0
INV002479,260.0
INV002483,40.333333333333336
INV002485,70.4
INV002486,73.25
INV002487,48.0
INV002488,116.66666666666667
INV002489,144.0
INV002490,70.0
INV002493,220.0
INV002495,82.2
INV002496,53.0
INV002497,67.28571428571429
INV002499,251.0
INV002500,104.5
INV002502,115.5
INV002503,52.333333333333336
INV002504,78.25
INV002505,449.0
INV002506,96.25
INV002507,138.66666666666666
INV002508,51.625
INV002510,64.33333333333333
INV002513,106.5
INV002516,56.0
INV002518,206.0
INV002520,102.66666666666667
INV002521,74.6
INV002523,95.0
INV002525,233.0
INV002526,61.25
INV002527,49.666666666666664
INV002528,76.5
INV002529,123.33333333333333
INV002530,71.42857142857143
INV002531,76.33333333333333
INV002532,121.5
INV002533,57.5
INV002534,354.0
INV002535,53.5
INV002536,133.0
INV002538,250.0
INV002539,65.0
INV002540,112.66666666666667
INV002542,116.66666666666667
INV002543,74.66666666666667
INV002545,333.0
INV002546,76.66666666666667
INV002547,89.0
INV002548,159.66666666666666
INV002549,104.0
INV002550,199.0
INV002551,104.0
INV002552,48.22222222222222
INV002553,162.0
INV002554,49.666666666666664
INV002555,72.0
INV002556,69.0
INV002557,67.16666666666667
INV002558,97.6
INV002560,95.2
INV002561,64.5
INV002563,65.8
INV002565,111.75
INV002566,143.0
INV002567,82.0
INV002568,61.57142857142857
INV002570,62.0
INV002571,149.0
INV002572,55.714285714285715
INV002574,79.4
INV002575,56.125
INV002576,94.33333333333333
INV002577,61.5
INV002578,443.0
INV002579,40.8
INV002580,56.0
INV002582,77.4
INV002583,125.0
INV002585,65.0
INV002586,87.2
INV002587,291.0
INV002588,134.5
INV002590,50.22222222222222
INV002591,52.2
INV002592,149.0
INV002593,90.5
INV002594,94.0
INV002596,325.0
INV002597,193.0
INV002598,51.375
INV002599,109.5
INV002600,102.0
INV002601,54.0
INV002602,66.0
INV002604,99.0
INV002605,405.0
INV002606,89.6
INV002608,126.33333333333333
INV002610,334.0
INV002612,162.0
INV002613,65.0
INV002614,108.0
INV002616,223.0
INV002617,275.0
INV002619,219.0
INV002620,345.0
INV002621,182.5
INV002622,76.66666666666667
INV002625,105.0
INV002626,94.66666666666667
INV002627,85.0
INV002628,77.0
INV002629,142.0
INV002630,43.75
INV002631,110.0
INV002632,65.57142857142857
INV002633,83.25
INV002635,126.5
INV002636,118.0
INV002637,115.5
INV002639,45.25
INV002640,70.0
INV002641,64.33333333333333
INV002642,108.25
INV002643,74.2
INV002645,45.166666666666664
INV002647,89.33333333333333
INV002648,102.25
INV002649,174.0
INV002652,97.5
INV002654,61.857142857142854
INV002656,52.5
INV002657,228.5
INV002659,62.333333333333336
INV002660,105.33333333333333
INV002661,60.0
INV002662,284.0
INV002664,95.33333333333333
INV002666,53.166666666666664
INV002668,97.5
INV002669,80.0
INV002670,230.0
INV002671,77.16666666666667
INV002673,65.0
INV002674,75.8
INV002675,63.857142857142854
INV002676,83.5
INV002679,152.66666666666666
INV002680,83.5
INV002681,83.66666666666667
INV002682,75.0
INV002684,80.6
INV002685,241.0
INV002686,236.0
INV002687,80.0
INV002688,37.0
INV002689,50.0
INV002693,45.833333333333336
INV002694,54.0
INV002696,109.25
INV002697,55.333333333333336
INV002698,49.25
INV002699,182.0
INV002700,79.83333333333333
INV002701,121.0
INV002702,79.5
INV002703,202.0
INV002704,59.142857142857146
INV002706,73.6
INV002707,93.0
INV002708,44.25
INV002709,206.0
INV002711,65.57142857142857
INV002712,46.8
INV002713,162.0
INV002714,177.0
INV002716,124.75
INV002717,362.0
INV002718,57.5
INV002719,170.0
INV002720,160.5
INV002722,61.4
INV002723,37.75
INV002724,76.6
INV002725,207.0
INV002726,45.57142857142857
INV002727,69.66666666666667
INV002732,70.71428571428571
INV002733,51.57142857142857
INV002734,134.66666666666666
INV002735,68.16666666666667
INV002736,70.6
INV002737,58.42857142857143
INV002739,132.0
INV002740,474.0
INV002741,123.0
INV002743,88.2
INV002744,52.888888888888886
INV002745,97.66666666666667
INV002746,68.0
INV002747,41.0
INV002748,127.66666666666667
INV002750,72.4
INV002751,41.5
INV002752,100.5
INV002753,80.75
INV002754,116.5
INV002756,460.0
INV002757,99.33333333333333
INV002758,81.0
INV002759,111.0
INV002761,80.6
INV002762,87.25
INV002763,409.0
INV002764,95.66666666666667
INV002765,155.33333333333334
INV002766,70.6
INV002767,55.333333333333336
INV002769,82.0
INV002770,202.0
INV002771,221.5
INV002772,74.5
INV002773,405.0
INV002774,114.0
INV002775,43.0
INV002776,160.5
INV002778,350.0
INV002779,64.2
INV002780,104.0
INV002782,105.0
INV002783,64.0
INV002784,63.5
INV002786,76.33333333333333
INV002787,99.25
INV002788,88.25
INV002790,284.0
INV002791,165.5
INV002792,202.0
INV002793,59.333333333333336
INV002794,56.166666666666664
INV002796,137.0
INV002798,224.0
INV002799,70.8
INV002800,63.5
INV002801,78.0
INV002802,63.0
INV002803,64.83333333333333
INV002804,59.857142857142854
INV002805,332.0
INV002806,234.5
INV002807,100.5
INV002808,59.666666666666664
INV002809,81.4
INV002811,115.0
INV002813,49.0
INV002814,198.0
INV002816,129.0
INV002817,159.0
INV002818,366.0
INV002822,53.0
INV002823,333.0
INV002824,71.83333333333333
INV002825,207.5
INV002826,61.6
INV002827,73.6
INV002828,80.0
INV002829,80.0
INV002830,110.25
INV002831,40.2
INV002832,65.33333333333333
INV002833,297.0
INV002834,187.5
INV002835,82.33333333333333
INV002838,56.714285714285715
INV002839,114.0
INV002840,63.666666666666664
INV002841,43.4
INV002843,43.142857142857146
INV002846,129.0
INV002847,52.666666666666664
INV002849,54.0
INV002850,53.166666666666664
INV002851,245.0
INV002852,75.8
INV002854,190.0
INV002855,120.0
INV002856,129.66666666666666
INV002858,161.0
INV002859,76.5
INV002860,196.5
INV002861,121.25
INV002862,152.66666666666666
INV002863,74.4
INV002864,79.0
INV002865,37.2
INV002866,148.0
INV002867,125.0
INV002868,101.66666666666667
INV002869,58.75
INV002870,48.2
INV002872,85.6
INV002873,98.2
INV002874,120.5
INV002875,58.0
INV002876,348.0
INV002877,86.33333333333333
INV002879,72.16666666666667
INV002881,43.6
INV002882,191.0
INV002883,96.0
INV002886,44.333333333333336
INV002888,53.333333333333336
INV002890,101.25
INV002891,72.71428571428571
INV002892,209.0
INV002893,50.0
INV002895,95.75
INV002896,70.66666666666667
INV002897,85.25
INV002898,58.0
INV002899,224.0
INV002900,64.2
INV002901,94.0
INV002903,89.6
INV002904,49.333333333333336
INV002905,73.0
INV002906,41.2
INV002908,80.0
INV002909,82.33333333333333
INV002910,367.0
INV002911,120.5
INV002912,97.0
INV002913,73.66666666666667
INV002915,49.285714285714285
INV002917,132.33333333333334
INV002920,99.0
INV002921,53.333333333333336
INV002923,220.0
INV002925,226.0
INV002926,147.66666666666666
INV002927,40.285714285714285
INV002929,445.0
INV002930,95.33333333333333
INV002931,106.75
INV002932,87.66666666666667
INV002933,43.0
INV002934,104.0
INV002935,48.0
INV002937,67.16666666666667
INV002939,60.5
INV002940,223.5
INV002941,64.0
INV002942,55.5
INV002943,70.0
INV002944,131.0
INV002945,65.0
INV002946,121.5
INV002947,64.16666666666667
INV002948,365.0
INV002949,103.66666666666667
INV002950,45.857142857142854
INV002951,51.833333333333336
INV002952,137.0
INV002953,73.66666666666667
INV002954,83.33333333333333
INV002956,148.66666666666666
INV002957,114.75
INV002959,104.0
INV002961,84.66666666666667
INV002964,78.75
INV002966,95.25
INV002967,222.0
INV002968,80.75
INV002971,198.0
INV002973,68.33333333333333
INV002974,51.333333333333336
INV002975,52.0
INV002977,141.33333333333334
INV002978,195.0
INV002979,129.0
INV002980,85.25
INV002982,86.0
INV002984,91.0
INV002985,62.0
INV002986,485.0
INV002989,86.6
INV002991,328.0
INV002992,82.0
INV002993,145.33333333333334
INV002994,58.166666666666664
INV002996,75.0
INV002997,96.0
INV003000,67.0
INV003002,95.5
INV003003,58.25
INV003004,117.0
INV003005,53.142857142857146
INV003007,48.25
INV003008,174.0
INV003009,38.125
INV003010,115.5
INV003011,64.16666666666667
INV003012,58.25
INV003014,82.4
INV003015,54.666666666666664
INV003016,71.0
INV003017,109.75
INV003018,49.2
INV003020,208.0
INV003021,120.5
INV003022,69.6
INV003023,116.33333333333333
INV003024,44.2
INV003025,35.285714285714285
INV003027,70.0
INV003028,91.4
INV003031,51.0
INV003032,260.0
INV003033,99.75
INV003034,73.4
INV003036,57.714285714285715
INV003037,79.5
INV003038,83.0
INV003040,74.0
INV003041,118.25
INV003042,191.0
INV003043,73.83333333333333
INV003044,71.16666666666667
INV003045,36.2
INV003046,39.0
INV003047,70.14285714285714
INV003048,36.75
INV003049,126.33333333333333
INV003051,72.5
INV003052,158.0
INV003053,216.0
INV003054,78.66666666666667
INV003055,112.5
INV003057,72.75
INV003058,85.75
INV003059,174.0
INV003060,79.0
INV003061,74.0
INV003063,57.833333333333336
INV003064,134.0
INV003065,79.5
INV003066,123.0
INV003067,149.0
INV003068,185.0
INV003069,80.75
INV003070,54.5
INV003073,75.25
INV003074,74.8
INV003075,57.42857142857143
INV003077,111.25
INV003078,69.16666666666667
INV003079,113.66666666666667
INV003080,67.0
INV003081,150.0
INV003082,46.42857142857143
INV003083,66.4
INV003084,170.0
INV003086,100.0
INV003087,106.0
INV003089,65.0
INV003090,57.333333333333336
INV003091,50.875
INV003092,187.0
INV003095,86.6
INV003097,62.714285714285715
INV003098,211.5
INV003099,192.0
INV003101,127.0
INV003102,83.5
INV003103,91.25
INV003105,65.5
INV003108,228.5
INV003109,100.0
INV003110,81.5
INV003111,95.25
INV003112,91.6
INV003113,66.85714285714286
INV003115,48.0
INV003116,79.33333333333333
INV003117,66.57142857142857
INV003119,72.33333333333333
INV003120,210.0
INV003121,43.666666666666664
INV003123,97.25
INV003124,63.75
INV003125,90.0
INV003128,52.5
INV003129,51.0
INV003130,106.0
INV003132,158.66666666666666
INV003134,76.83333333333333
INV003136,117.0
INV003137,232.0
INV003139,55.166666666666664
INV003140,57.0
INV003141,67.5
INV003142,125.5
INV003144,82.5
INV003146,59.5
INV003147,204.5
INV003149,77.0
INV003150,126.0
INV003151,81.0
INV003153,40.666666666666664
INV003154,238.0
INV003157,117.5
INV003158,55.625
INV003159,156.0
INV003160,146.0
INV003161,77.4
INV003164,160.0
INV003165,119.25
INV003166,131.66666666666666
INV003167,83.5
INV003168,118.5
INV003169,62.6
INV003171,37.333333333333336
INV003173,116.0
INV003176,93.5
INV003178,56.4
INV003179,56.25
INV003181,242.0
INV003182,151.0
INV003183,124.5
INV003184,94.33333333333333
INV003185,65.2
INV003187,58.25
INV003188,128.0
INV003189,55.125
INV003190,92.0
INV003191,76.8
INV003192,74.5
INV003193,96.6
INV003194,132.66666666666666
INV003195,68.0
INV003196,80.33333333333333
INV003198,166.5
INV003200,74.25
INV003201,96.75
INV003202,92.25
INV003204,55.0
INV003205,67.66666666666667
INV003206,117.0
INV003207,68.0
INV003208,121.25
INV003209,97.5
INV003210,72.2
INV003211,69.0
INV003212,139.5
INV003213,171.5
INV003214,59.8
INV003215,60.833333333333336
INV003216,352.0
INV003218,105.5
INV003219,57.2
INV003220,62.75
INV003221,61.166666666666664
INV003222,81.5
INV003223,67.71428571428571
INV003224,102.33333333333333
INV003225,118.0
INV003226,103.33333333333333
INV003227,123.5
INV003228,70.16666666666667
INV003230,67.5
INV003231,83.0
INV003232,97.25
INV003233,169.0
INV003234,96.6
INV003235,292.0
INV003236,51.125
INV003237,117.0
INV003238,127.0
INV003239,97.5
INV003240,101.75
INV003242,61.0
INV003243,70.75
INV003244,80.75
INV003245,116.66666666666667
INV003246,205.0
INV003247,84.6
INV003248,117.75
INV003249,233.5
INV003250,112.25
INV003252,67.6
INV003253,100.0
INV003254,46.25
INV003256,51.0
INV003257,61.8
INV003258,85.5
INV003259,166.0
INV003260,89.4
INV003261,176.5
INV003262,85.2
INV003263,121.75
INV003264,66.25
INV003265,153.5
INV003267,74.4
INV003269,93.0
INV003271,61.166666666666664
INV003272,153.0
INV003273,60.142857142857146
INV003275,429.0
INV003276,121.0
INV003277,53.714285714285715
INV003279,63.375
INV003280,77.66666666666667
INV003282,175.0
INV003283,208.0
INV003285,121.0
INV003287,93.75
INV003288,203.0
INV003289,64.83333333333333
INV003291,93.5
INV003292,38.0
INV003294,69.0
INV003295,119.0
INV003296,152.0
INV003297,81.5
INV003298,74.75
INV003300,64.8
INV003301,59.375
INV003302,88.33333333333333
INV003303,251.0
INV003304,44.22222222222222
INV003305,51.333333333333336
INV003306,154.33333333333334
INV003307,320.0
INV003308,56.75
INV003309,111.66666666666667
INV003310,80.8
INV003311,48.0
INV003312,482.0
INV003314,73.5
INV003315,358.0
INV003316,73.0
INV003317,44.142857142857146
INV003319,152.5
INV003320,45.285714285714285
INV003321,59.5
INV003322,337.0
INV003324,469.0
INV003325,101.0
INV003326,335.0
INV003328,204.0
INV003329,89.0
INV003330,229.0
INV003331,190.5
INV003332,87.25
INV003335,153.5
INV003336,72.33333333333333
INV003337,117.0
INV003338,37.5
INV003340,124.0
INV003341,46.0
INV003342,49.75
INV003343,121.66666666666667
INV003344,86.6
INV003345,113.66666666666667
INV003346,44.666666666666664
INV003347,94.66666666666667
INV003348,323.0
INV003349,286.0
INV003350,92.4
INV003351,54.0
INV003352,68.14285714285714
INV003354,108.75
INV003355,132.0
INV003356,104.0
INV003357,62.4
INV003359,83.0
INV003360,59.42857142857143
INV003361,345.0
INV003363,92.75
INV003366,79.75
INV003370,63.333333333333336
INV003372,59.4
INV003373,263.0
INV003374,56.5
INV003375,52.714285714285715
INV003376,85.8
INV003377,203.0
INV003379,75.16666666666667
INV003380,72.4
INV003381,119.0
INV003383,204.0
INV003387,88.0
INV003388,130.66666666666666
INV003389,69.0
INV003390,382.0
INV003391,56.6
INV003392,126.0
INV003393,63.714285714285715
INV003394,210.5
INV003395,79.0
INV003396,123.5
INV003397,113.0
INV003398,55.42857142857143
INV003399,142.5
INV003400,44.0
INV003401,41.0
INV003403,56.6
INV003404,50.285714285714285
INV003405,41.0
INV003406,59.0
INV003407,57.42857142857143
INV003408,69.0
INV003409,64.5
INV003410,112.75
INV003411,106.5
INV003414,405.0
INV003415,81.0
INV003418,128.5
INV003419,62.5
INV003420,100.0
INV003422,84.66666666666667
INV003423,139.66666666666666
INV003424,73.16666666666667
INV003425,96.66666666666667
INV003426,67.66666666666667
INV003427,84.2
INV003428,96.0
INV003429,102.25
INV003430,73.4
INV003431,51.4
INV003432,61.333333333333336
INV003433,76.0
INV003435,73.83333333333333
INV003436,96.0
INV003437,91.2
INV003438,147.33333333333334
INV003441,133.0
INV003442,96.0
INV003443,111.5
INV003444,122.0
INV003445,372.0
INV003446,185.0
INV003448,74.5
INV003449,102.0
INV003450,47.666666666666664
INV003451,107.25
INV003453,310.0
INV003454,58.0
INV003455,35.5
INV003456,184.0
INV003457,60.5
INV003458,67.85714285714286
INV003459,59.4
INV003460,76.0
INV003461,83.0
INV003462,108.25
INV003463,109.5
INV003464,160.0
INV003467,112.0
INV003468,234.0
INV003469,122.0
INV003470,175.0
INV003473,95.8
INV003475,56.0
INV003477,131.66666666666666
INV003478,56.625
INV003479,65.71428571428571
INV003480,82.4
INV003483,172.0
INV003484,73.8
INV003485,89.33333333333333
INV003487,70.6
INV003488,464.0
INV003490,191.0
INV003491,59.125
INV003492,90.8
INV003493,107.0
INV003494,111.66666666666667
INV003495,49.22222222222222
INV003496,121.0
INV003499,286.0
INV003500,235.0
INV003501,102.0
INV003503,122.5
INV003505,99.0
INV003506,67.0
INV003507,83.0
INV003509,60.875
INV003510,69.0
INV003511,65.57142857142857
INV003513,68.75
INV003514,74.2
INV003516,324.0
INV003517,164.0
INV003518,67.8
INV003519,88.5
INV003520,135.0
INV003521,89.0
INV003523,66.0
INV003524,64.16666666666667
INV003525,98.5
INV003526,88.2
INV003527,113.66666666666667
INV003528,58.625
INV003530,51.0
INV003531,76.4
INV003532,117.75
INV003533,98.5
INV003534,52.714285714285715
INV003535,106.5
INV003536,92.5
INV003537,91.0
INV003539,114.5
INV003540,56.0
INV003541,73.0
INV003543,101.5
INV003544,270.0
INV003545,90.0
INV003546,114.0
INV003548,37.5
INV003549,295.0
INV003552,147.5
INV003553,86.5
INV003554,88.0
INV003555,45.0
INV003556,77.6
INV003557,66.4
INV003558,39.166666666666664
INV003559,48.333333333333336
INV003560,178.5
INV003561,132.0
INV003562,80.5
INV003563,88.33333333333333
INV003564,71.0
INV003565,109.75
INV003566,276.0
INV003567,100.33333333333333
INV003568,72.25
INV003569,81.0
INV003570,187.0
INV003571,86.5
INV003572,181.5
INV003574,190.0
INV003575,126.33333333333333
INV003576,70.0
INV003577,84.25
INV003578,112.5
INV003579,42.333333333333336
INV003580,72.16666666666667
INV003581,51.285714285714285
INV003582,49.333333333333336
INV003583,104.5
INV003586,54.285714285714285
INV003587,88.66666666666667
INV003589,171.0
INV003590,116.0
INV003592,75.6
INV003593,78.2
INV003594,113.66666666666667
INV003595,235.0
INV003597,158.5
INV003598,68.0
INV003599,50.0
INV003600,106.25
INV003601,45.25
INV003602,243.5
INV003603,167.0
INV003604,90.2
INV003605,224.0
INV003607,70.4
INV003608,119.0
INV003609,150.33333333333334
INV003611,68.83333333333333
INV003612,76.33333333333333
INV003613,67.42857142857143
INV003614,116.5
INV003615,92.0
INV003616,76.75
INV003617,60.333333333333336
INV003619,72.0
INV003620,115.75
INV003624,152.0
INV003625,62.4
INV003626,80.0
INV003627,59.166666666666664
INV003628,43.0
INV003630,52.0
INV003632,113.0
INV003633,78.8
INV003634,47.8
INV003635,47.111111111111114
INV003636,237.5
INV003637,93.0
INV003638,65.25
INV003639,83.75
INV003640,92.5
INV003641,67.0
INV003642,53.166666666666664
INV003643,110.75
INV003644,86.0
INV003645,95.2
INV003648,153.0
INV003649,96.8
INV003651,67.0
INV003652,50.0
INV003653,159.0
INV003654,60.5
INV003655,49.77777777777778
INV003656,88.66666666666667
INV003658,70.71428571428571
INV003659,69.0
INV003660,79.0
INV003661,129.66666666666666
INV003663,69.0
INV003664,170.66666666666666
INV003665,139.0
INV003666,85.25
INV003668,202.0
INV003669,53.5
INV003670,70.85714285714286
INV003671,148.0
INV003672,77.2
INV003673,68.85714285714286
INV003674,78.33333333333333
INV003675,65.66666666666667
INV003676,44.0
INV003677,118.66666666666667
INV003680,155.5
INV003681,51.0
INV003682,87.0
INV003683,92.4
INV003684,98.2
INV003685,80.2
INV003686,96.6
INV003690,193.0
INV003691,307.0
INV003693,71.33333333333333
INV003694,106.33333333333333
INV003695,51.666666666666664
INV003696,75.8
INV003697,76.66666666666667
INV003698,137.0
INV003699,82.5
INV003700,100.0
INV003702,72.66666666666667
INV003703,100.0
INV003705,78.8
INV003707,68.6
INV003708,60.5
INV003709,80.2
INV003710,78.6
INV003711,72.2
INV003712,79.6
INV003713,81.5
INV003716,87.25
INV003717,196.0
INV003718,91.4
INV003719,71.0
INV003720,74.6
INV003721,360.0
INV003722,50.666666666666664
INV003723,61.8
INV003724,68.0
INV003725,214.0
INV003726,93.66666666666667
INV003727,386.0
INV003730,223.0
INV003731,141.0
INV003732,101.25
INV003733,88.8
INV003734,59.0
INV003735,45.857142857142854
INV003736,77.16666666666667
INV003737,103.75
INV003738,50.6
INV003739,44.333333333333336
INV003740,51.833333333333336
INV003741,67.66666666666667
INV003742,150.0
INV003743,76.33333333333333
INV003744,86.8
INV003745,70.2
INV003747,95.0
INV003748,56.142857142857146
INV003749,60.5
INV003750,113.5
INV003751,100.25
INV003752,145.0
INV003753,134.0
INV003755,96.0
INV003756,138.33333333333334
INV003757,81.83333333333333
INV003758,96.66666666666667
INV003760,200.0
INV003761,51.857142857142854
INV003762,83.33333333333333
INV003763,168.0
INV003765,117.75
INV003766,65.28571428571429
INV003767,47.5
INV003768,323.0
INV003771,50.77777777777778
INV003773,106.0
INV003775,74.0
INV003778,90.25
INV003779,76.4
INV003780,57.42857142857143
INV003781,64.83333333333333
INV003782,88.0
INV003783,53.75
INV003785,74.2
INV003786,46.0
INV003787,63.25
INV003788,123.5
INV003789,174.5
INV003791,54.5
INV003792,67.0
INV003793,72.33333333333333
INV003794,236.0
INV003795,67.66666666666667
INV003797,52.5
INV003798,42.75
INV003799,79.25
INV003800,191.0
INV003801,119.33333333333333
INV003803,48.0
INV003804,97.0
INV003805,185.0
INV003806,103.75
INV003809,84.0
INV003810,253.0
INV003811,78.66666666666667
INV003812,50.833333333333336
INV003813,82.2
INV003814,164.0
INV003815,72.5
INV003817,119.0
INV003818,248.0
INV003819,69.0
INV003820,211.0
INV003821,87.66666666666667
INV003822,77.0
INV003823,71.75
INV003824,71.5
INV003825,81.2
INV003829,48.55555555555556
INV003830,71.4
INV003832,110.33333333333333
INV003833,60.333333333333336
INV003834,88.0
INV003835,73.66666666666667
INV003836,81.75
INV003839,139.0
INV003840,64.5
INV003844,68.5
INV003845,83.0
INV003846,103.25
INV003847,50.0
INV003848,96.33333333333333
INV003849,77.2
INV003851,57.833333333333336
INV003852,273.0
INV003853,114.5
INV003854,95.0
INV003855,64.0
INV003856,68.33333333333333
INV003858,114.0
INV003859,79.5
INV003860,46.0
INV003862,60.166666666666664
INV003863,471.0
INV003864,177.0
INV003865,85.16666666666667
INV003867,156.0
INV003868,87.6
INV003869,145.66666666666666
INV003872,45.375
INV003873,199.5
INV003876,77.6
INV003877,83.0
INV003878,43.25
INV003879,243.0
INV003880,68.57142857142857
INV003882,138.66666666666666
INV003883,49.25
INV003885,71.6
INV003887,174.0
INV003888,115.75
INV003891,73.66666666666667
INV003892,55.22222222222222
INV003893,308.0
INV003894,162.0
INV003896,82.0
INV003897,71.6
INV003898,386.0
INV003899,103.0
INV003900,92.0
INV003901,90.5
INV003902,94.5
INV003903,50.285714285714285
INV003904,94.0
INV003905,62.5
INV003906,55.111111111111114
INV003907,54.0
INV003908,39.0
INV003909,131.5
INV003910,48.333333333333336
INV003911,113.0
INV003912,68.6
INV003913,61.42857142857143
INV003916,67.2
INV003917,294.0
INV003918,108.75
INV003919,315.0
INV003920,66.85714285714286
INV003921,90.0
INV003924,231.0
INV003925,102.5
INV003926,159.33333333333334
INV003928,113.66666666666667
INV003931,258.0
INV003932,76.33333333333333
INV003934,82.0
INV003936,89.6
INV003937,84.0
INV003938,52.5
INV003939,159.0
INV003940,70.66666666666667
INV003941,153.0
INV003942,94.0
INV003943,42.5
INV003945,56.333333333333336
INV003946,69.16666666666667
INV003947,84.66666666666667
INV003948,43.666666666666664
INV003949,95.33333333333333
INV003950,84.0
INV003951,113.5
INV003952,54.666666666666664
INV003953,153.0
INV003954,105.66666666666667
INV003955,78.5
INV003956,167.0
INV003957,152.33333333333334
INV003958,85.6
INV003960,126.66666666666667
INV003961,157.66666666666666
INV003962,68.71428571428571
INV003963,48.666666666666664
INV003964,51.22222222222222
INV003966,38.0
INV003967,182.0
INV003968,92.4
INV003969,175.0
INV003970,66.66666666666667
INV003971,81.0
INV003972,84.2
INV003973,64.5
INV003974,77.75
INV003975,50.142857142857146
INV003976,176.5
INV003977,85.75
INV003978,68.14285714285714
INV003979,56.0
INV003980,94.0
INV003981,67.66666666666667
INV003984,37.0
INV003985,93.0
INV003986,110.33333333333333
INV003987,72.25
INV003989,83.0
INV003991,286.0
INV003992,68.0
INV003993,115.5
INV003995,84.33333333333333
INV003996,95.2
INV003997,91.5
INV003998,143.5
INV004001,40.285714285714285
INV004003,109.66666666666667
INV004004,40.77777777777778
INV004005,73.66666666666667
INV004006,46.5
INV004007,38.833333333333336
INV004008,169.0
INV004009,62.285714285714285
INV004011,130.0
INV004012,109.75
INV004014,61.875
INV004015,88.0
INV004016,113.5
INV004017,40.5
INV004018,79.25
INV004019,87.25
INV004023,52.0
INV004024,99.25
INV004025,143.0
INV004026,94.5
INV004027,173.0
INV004028,101.75
INV004030,121.25
INV004031,72.0
INV004032,115.33333333333333
INV004033,98.0
INV004035,77.0
INV004037,74.6
INV004038,71.66666666666667
INV004039,198.0
INV004040,85.0
INV004041,172.0
INV004043,152.5
INV004044,86.0
INV004045,68.25
INV004046,145.0
INV004049,48.2
INV004050,83.66666666666667
INV004051,91.0
INV004052,242.0
INV004056,153.0
INV004058,134.5
INV004059,345.0
INV004061,91.0
INV004062,386.0
INV004063,56.57142857142857
INV004064,152.66666666666666
INV004066,75.16666666666667
INV004067,123.66666666666667
INV004068,153.0
INV004069,74.0
INV004070,67.66666666666667
INV004071,125.33333333333333
INV004073,93.75
INV004074,47.0
INV004075,102.75
INV004076,95.25
INV004077,96.5
INV004078,123.33333333333333
INV004079,71.33333333333333
INV004080,132.0
INV004081,247.5
INV004085,68.33333333333333
INV004089,294.0
INV004090,43.0
INV004091,73.6
INV004094,55.8
INV004095,335.0
INV004096,97.5
INV004097,152.5
INV004098,58.2
INV004099,58.8
INV004102,68.33333333333333
INV004104,100.75
INV004105,155.0
INV004106,55.8
INV004108,105.0
INV004109,89.25
INV004112,55.2
INV004113,104.0
INV004114,40.333333333333336
INV004115,78.5
INV004116,54.888888888888886
INV004117,37.5
INV004118,64.6
INV004119,73.2
INV004120,88.0
INV004121,185.0
INV004122,136.0
INV004123,85.0
INV004124,63.8
INV004125,61.625
INV004127,87.6
INV004128,67.2
INV004129,175.0
INV004130,180.0
INV004131,98.25
INV004132,70.5
INV004133,106.5
INV004134,35.4
INV004135,50.111111111111114
INV004138,93.0
INV004139,317.0
INV004140,237.5
INV004142,87.25
INV004143,97.0
INV004144,82.0
INV004145,66.2
INV004146,88.2
INV004147,72.2
INV004148,101.75
INV004149,50.2
INV004151,63.142857142857146
INV004152,67.0
INV004153,60.0
INV004154,46.72727272727273
INV004157,130.5
INV004159,76.0
INV004160,149.66666666666666
INV004161,183.0
INV004162,157.5
INV004163,60.666666666666664
INV004164,76.0
INV004165,212.0
INV004166,102.0
INV004168,74.0
INV004169,146.5
INV004171,79.0
INV004172,63.0
INV004173,166.33333333333334
INV004174,86.6
INV004175,67.85714285714286
INV004177,45.42857142857143
INV004178,117.75
INV004179,71.2
INV004181,93.4
INV004182,46.0
INV004184,90.5
INV004185,62.25
INV004189,275.0
INV004190,90.0
INV004191,77.16666666666667
INV004194,111.0
INV004195,156.0
INV004196,78.33333333333333
INV004197,187.0
INV004198,168.0
INV004199,58.2
INV004202,47.625
INV004203,66.57142857142857
INV004205,96.25
INV004208,73.4
INV004210,53.666666666666664
INV004211,390.0
INV004212,69.33333333333333
INV004214,101.0
INV004215,40.0
INV004216,82.0
INV004220,109.5
INV004222,86.0
INV004223,119.25
INV004224,35.5
INV004225,50.25
INV004226,120.66666666666667
INV004227,42.0
INV004228,72.33333333333333
INV004229,155.5
INV004230,203.0
INV004231,105.0
INV004232,71.4
INV004233,55.0
INV004237,114.75
INV004238,41.0
INV004239,61.142857142857146
INV004240,101.25
INV004241,53.666666666666664
INV004242,133.0
INV004243,55.714285714285715
INV004244,102.0
INV004247,87.2
INV004248,42.666666666666664
INV004250,109.0
INV004252,97.0
INV004253,167.66666666666666
INV004254,143.0
INV004256,213.5
INV004257,98.66666666666667
INV004258,49.666666666666664
INV004259,116.5
INV004261,237.0
INV004262,139.0
INV004263,114.0
INV004264,173.5
INV004265,105.25
INV004266,61.833333333333336
INV004267,53.333333333333336
INV004268,94.0
INV004270,69.66666666666667
INV004271,79.8
INV004272,35.5
INV004273,69.33333333333333
INV004274,138.66666666666666
INV004277,112.25
INV004278,94.0
INV004279,50.285714285714285
INV004280,60.0
INV004281,41.714285714285715
INV004282,52.857142857142854
INV004283,70.25
INV004284,136.0
INV004285,76.16666666666667
INV004287,52.5
INV004288,72.83333333333333
INV004289,45.9
INV004290,110.25
INV004291,145.0
INV004293,81.8
INV004294,166.5
INV004295,44.75
INV004296,102.2
INV004297,41.875
INV004298,76.5
INV004299,64.14285714285714
INV004300,54.666666666666664
INV004301,107.5
INV004302,113.66666666666667
INV004303,76.33333333333333
INV004304,160.0
INV004305,133.0
INV004306,57.0
INV004307,75.75
INV004308,84.66666666666667
INV004310,145.0
INV004313,68.5
INV004314,83.0
INV004316,55.0
INV004318,99.5
INV004319,60.5
INV004320,96.75
INV004321,42.0
INV004322,145.0
INV004324,77.66666666666667
INV004326,40.111111111111114
INV004328,215.0
INV004329,201.5
INV004330,107.0
INV004332,64.71428571428571
INV004333,55.0
INV004334,127.33333333333333
INV004335,64.42857142857143
INV004336,119.66666666666667
INV004338,48.888888888888886
INV004339,113.0
INV004340,67.8
INV004341,98.25
INV004342,97.0
INV004343,63.0
INV004345,63.25
INV004346,126.0
INV004347,83.0
INV004348,52.2
INV004349,72.5
INV004350,140.5
INV004351,275.0
INV004352,85.0
INV004353,56.0
INV004354,99.33333333333333
INV004357,72.42857142857143
INV004358,45.857142857142854
INV004359,110.0
INV004360,64.25
INV004361,61.57142857142857
INV004362,58.75
INV004363,116.66666666666667
INV004364,80.6
INV004365,88.75
INV004366,83.66666666666667
INV004367,81.6
INV004368,81.0
INV004369,51.5
INV004371,130.5
INV004372,59.2
INV004374,88.0
INV004375,111.0
INV004376,95.0
INV004377,118.66666666666667
INV004378,167.0
INV004379,76.0
INV004380,133.5
INV004381,124.66666666666667
INV004382,261.0
INV004387,93.0
INV004391,57.0
INV004392,90.4
INV004393,115.0
INV004394,260.0
INV004398,144.0
INV004400,46.57142857142857
INV004401,69.85714285714286
INV004403,73.6
INV004404,165.0
INV004406,99.0
INV004407,41.666666666666664
INV004408,185.0
INV004410,40.9
INV004411,61.0
INV004412,82.33333333333333
INV004413,69.0
INV004414,53.857142857142854
INV004415,250.0
INV004418,59.25
INV004420,145.0
INV004421,90.8
INV004424,101.0
INV004425,164.0
INV004426,112.0
INV004427,50.8
INV004430,122.0
INV004434,84.6
INV004435,108.0
INV004436,94.25
INV004437,248.0
INV004438,89.0
INV004439,129.0
INV004440,148.5
INV004441,92.25
INV004442,125.33333333333333
INV004443,99.25
INV004444,48.0
INV004445,128.0
INV004446,65.8
INV004447,49.833333333333336
INV004448,87.0
INV004449,86.66666666666667
INV004450,61.6
INV004451,84.0
INV004452,81.0
INV004453,53.5
INV004454,98.4
INV004455,50.0
INV004456,162.0
INV004457,81.4
INV004459,53.833333333333336
INV004460,42.5
INV004461,113.0
INV004462,203.5
INV004463,94.8
INV004464,62.5
INV004465,78.75
INV004466,115.5
INV004467,85.0
INV004468,76.83333333333333
INV004471,148.0
INV004472,50.666666666666664
INV004473,73.33333333333333
INV004474,83.0
INV004475,67.83333333333333
INV004476,142.33333333333334
INV004477,58.714285714285715
INV004479,71.0
INV004481,102.0
INV004482,120.66666666666667
INV004483,184.0
INV004484,61.6
INV004485,77.0
INV004486,149.0
INV004487,59.0
INV004488,111.75
INV004489,259.0
INV004490,78.0
INV004491,142.5
INV004492,116.0
INV004493,111.0
INV004494,213.0
INV004495,74.33333333333333
INV004496,124.25
INV004497,125.5
INV004498,95.5
INV004502,74.5
INV004504,55.142857142857146
INV004506,173.0
INV004508,142.0
INV004509,102.0
INV004510,213.0
INV004511,37.2
INV004513,120.25
INV004514,96.0
INV004515,41.0
INV004516,186.0
INV004517,86.6
INV004518,106.25
INV004519,206.0
INV004520,97.5
INV004521,54.5
INV004523,87.2
INV004524,429.0
INV004525,210.0
INV004526,89.0
INV004527,55.666666666666664
INV004528,54.0
INV004529,143.33333333333334
INV004530,66.0
INV004531,60.0
INV004533,55.0
INV004534,74.5
INV004535,446.0
INV004537,69.0
INV004540,44.333333333333336
INV004543,225.0
INV004544,68.0
INV004545,57.666666666666664
INV004546,137.33333333333334
INV004547,67.5
INV004548,162.0
INV004549,84.75
INV004551,52.0
INV004553,82.25
INV004555,53.142857142857146
INV004557,108.0
INV004558,291.0
INV004560,48.375
INV004561,186.5
INV004562,83.8
INV004563,64.83333333333333
INV004565,233.5
INV004566,84.0
INV004567,114.5
INV004568,78.66666666666667
INV004573,69.66666666666667
INV004574,54.57142857142857
INV004575,126.0
INV004576,63.0
INV004578,40.666666666666664
INV004579,43.857142857142854
INV004581,72.14285714285714
INV004582,140.33333333333334
INV004583,380.0
INV004584,73.66666666666667
INV004585,82.0
INV004589,71.4
INV004592,77.0
INV004593,107.25
INV004594,59.142857142857146
INV004595,65.0
INV004598,84.2
INV004600,211.5
INV004602,59.625
INV004604,69.75
INV004606,84.0
INV004607,56.0
INV004608,55.0
INV004609,136.33333333333334
INV004611,51.166666666666664
INV004614,79.6
INV004615,383.0
INV004616,78.75
INV004617,39.25
INV004619,45.666666666666664
INV004620,196.0
INV004621,54.25
INV004622,235.5
INV004623,86.5
INV004625,96.4
INV004626,180.5
INV004627,96.5
INV004629,64.57142857142857
INV004630,50.625
INV004631,64.71428571428571
INV004632,110.0
INV004633,78.16666666666667
INV004634,95.33333333333333
INV004635,58.666666666666664
INV004636,75.6
INV004637,197.0
INV004638,54.333333333333336
INV004640,68.33333333333333
INV004641,67.8
INV004642,54.8
INV004643,50.6
INV004645,297.0
INV004646,64.5
INV004647,70.66666666666667
INV004648,79.33333333333333
INV004650,80.8
INV004651,38.75
INV004653,169.5
INV004654,104.5
INV004655,120.66666666666667
INV004656,233.5
INV004659,65.66666666666667
INV004660,151.5
INV004661,69.71428571428571
INV004664,188.5
INV004665,83.4
INV004667,106.0
INV004668,221.0
INV004672,72.0
INV004673,87.66666666666667
INV004676,255.0
INV004677,113.66666666666667
INV004678,121.0
INV004679,110.0
INV004680,47.166666666666664
INV004682,42.25
INV004683,253.0
INV004684,201.0
INV004687,103.33333333333333
INV004688,77.6
INV004689,129.0
INV004692,83.6
INV004693,59.0
INV004694,109.75
INV004695,118.0
INV004698,202.0
INV004699,110.66666666666667
INV004700,116.5
INV004702,105.0
INV004703,228.0
INV004704,93.8
INV004709,72.66666666666667
INV004711,81.0
INV004712,48.57142857142857
INV004715,56.833333333333336
INV004716,74.0
INV004717,89.0
INV004718,146.0
INV004719,48.25
INV004720,100.0
INV004721,379.0
INV004722,200.0
INV004723,198.0
INV004724,49.0
INV004725,121.0
INV004727,203.0
INV004730,191.0
INV004731,75.5
INV004733,78.25
INV004734,86.33333333333333
INV004735,88.0
INV004736,75.0
INV004737,54.55555555555556
INV004738,93.2
INV004739,110.25
INV004740,138.0
INV004741,72.33333333333333
INV004742,118.0
INV004744,104.0
INV004745,279.0
INV004747,116.0
INV004748,69.25
INV004749,80.0
INV004750,202.5
INV004751,136.5
INV004752,45.0
INV004753,61.4
INV004754,87.5
INV004755,61.166666666666664
INV004756,95.5
INV004758,186.5
INV004759,183.0
INV004760,126.0
INV004761,71.4
INV004763,83.5
INV004764,83.0
INV004765,40.0
INV004767,115.5
INV004769,100.75
INV004770,72.85714285714286
INV004771,113.5
INV004772,177.0
INV004774,107.5
INV004775,239.5
INV004776,57.375
INV004780,69.5
INV004781,94.0
INV004784,104.33333333333333
INV004785,66.16666666666667
INV004786,119.25
INV004787,72.33333333333333
INV004788,99.0
INV004790,94.0
INV004791,231.5
INV004792,193.0
INV004794,58.0
INV004797,69.0
INV004798,53.666666666666664
INV004799,123.0
INV004801,203.5
INV004802,90.0
INV004803,138.66666666666666
INV004804,79.2
INV004805,44.666666666666664
INV004806,93.0
INV004807,36.857142857142854
INV004808,104.5
INV004811,57.5
INV004812,38.0
INV004813,62.0
INV004814,99.33333333333333
INV004815,199.0
INV004816,191.0
INV004817,119.0
INV004818,69.33333333333333
INV004819,62.0
INV004820,118.0
INV004821,75.66666666666667
INV004822,93.75
INV004823,103.5
INV004825,70.0
INV004826,113.33333333333333
INV004827,179.0
INV004829,71.75
INV004830,61.0
INV004831,293.0
INV004832,352.0
INV004833,65.4
INV004834,38.625
INV004835,92.25
INV004836,131.0
INV004837,110.25
INV004840,41.0
INV004841,157.33333333333334
INV004843,50.857142857142854
INV004844,66.66666666666667
INV004845,81.8
INV004846,119.0
INV004847,73.5
INV004848,54.125
INV004849,106.0
INV004850,103.25
INV004851,200.0
INV004852,211.5
INV004853,101.33333333333333
INV004854,120.0
INV004855,49.666666666666664
INV004856,81.0
INV004857,205.0
INV004858,100.5
INV004860,78.4
INV004861,261.0
INV004862,273.0
INV004863,68.0
INV004864,43.285714285714285
INV004865,76.33333333333333
INV004866,110.66666666666667
INV004867,134.0
INV004868,56.0
INV004869,71.0
INV004870,102.0
INV004871,69.14285714285714
INV004872,233.0
INV004874,191.5
INV004875,87.25
INV004876,102.5
INV004877,80.5
INV004880,72.75
INV004881,199.5
INV004882,139.0
INV004883,58.0
INV004884,124.0
INV004885,77.33333333333333
INV004886,134.0
INV004888,63.0
INV004889,70.66666666666667
INV004890,177.5
INV004891,55.857142857142854
INV004892,136.0
INV004894,74.33333333333333
INV004895,90.5
INV004896,79.4
INV004899,70.0
INV004900,71.66666666666667
INV004901,54.6
INV004903,107.75
INV004904,74.0
INV004907,39.333333333333336
INV004908,93.0
INV004910,88.75
INV004911,63.666666666666664
INV004912,137.33333333333334
INV004913,87.0
INV004914,129.33333333333334
INV004915,55.0
INV004916,75.5
INV004917,51.0
INV004918,88.5
INV004919,117.5
INV004920,69.5
INV004922,214.5
INV004923,73.0
INV004924,59.75
INV004925,70.83333333333333
INV004926,66.28571428571429
INV004929,150.66666666666666
INV004930,41.0
INV004931,213.0
INV004932,134.66666666666666
INV004933,53.0
INV004934,56.5
INV004935,152.0
INV004938,87.5
INV004939,87.0
INV004942,42.666666666666664
INV004943,132.33333333333334
INV004944,162.5
INV004945,115.5
INV004947,45.0
INV004948,105.33333333333333
INV004950,106.25
INV004951,115.66666666666667
INV004952,258.0
INV004953,67.16666666666667
INV004954,184.0
INV004955,115.0
INV004956,59.142857142857146
INV004957,53.0
INV004958,73.16666666666667
INV004959,68.6
INV004960,68.5
INV004961,233.0
INV004962,77.5
INV004963,109.75
INV004964,143.5
INV004967,63.2
INV004968,36.75
INV004969,80.25
INV004970,61.5
INV004971,245.0
INV004972,171.5
INV004973,55.0
INV004974,52.42857142857143
INV004977,295.0
INV004978,63.833333333333336
INV004979,123.5
INV004980,139.0
INV004981,49.142857142857146
INV004982,123.33333333333333
INV004983,57.666666666666664
INV004984,75.33333333333333
INV004985,139.33333333333334
INV004986,81.33333333333333
INV004987,101.0
INV004988,443.0
INV004989,100.0
INV004990,80.66666666666667
INV004992,81.5
INV004993,188.0
INV004994,67.0
INV004995,75.33333333333333
INV004996,46.333333333333336
INV004997,71.0
INV004998,112.0
INV004999,108.0
